{
  "best_test_loss": 1.993400478363037,
  "final_test_acc": 0.425,
  "final_train_acc": 0.340625
}