{
  "best_test_loss": 0.335710471868515,
  "final_test_acc": 0.9083333333333333,
  "final_train_acc": 0.925
}