{
  "best_test_loss": 0.26114200552304584,
  "final_test_acc": 0.9208333333333333,
  "final_train_acc": 0.9666666666666667
}